{
  "parent": "item/handheld",
  "textures": {
    "layer0": "item/netherite_sword"
  },
  "overrides": [
    { "predicate": { "custom_model_data": 1001 }, "model": "item/voidblade" },
    { "predicate": { "custom_model_data": 1002 }, "model": "item/stormfang" },
    { "predicate": { "custom_model_data": 1003 }, "model": "item/frostbite_blade" },
    { "predicate": { "custom_model_data": 1004 }, "model": "item/emberfang" },
    { "predicate": { "custom_model_data": 1005 }, "model": "item/venomspike" }
  ]
}
